질문,권장 처리 의도
휴대폰 신규 가입은 어떻게 하나요?,FAQ_RAG
다른 통신사에서 번호이동하려면 어떻게 하나요?,FAQ_RAG
번호이동을 하면 기존 번호를 그대로 사용할 수 있나요?,FAQ_RAG
휴대폰 번호를 변경하려면 어떻게 하나요?,FAQ_RAG
번호를 변경하면 이전 번호로 온 전화나 문자를 받을 수 있나요?,FAQ_RAG
기기만 변경하면 전화번호도 바뀌나요?,FAQ_RAG
휴대폰을 바꾸면서 통신사도 변경할 수 있나요?,FAQ_RAG
통신사는 그대로 두고 휴대폰만 바꿀 수 있나요?,FAQ_RAG
유심을 분실하면 어떻게 해야 하나요?,FAQ_RAG
유심을 재발급받으려면 어떻게 하나요?,FAQ_RAG
유심을 바꾸면 전화번호도 변경되나요?,FAQ_RAG
유심이 휴대폰에서 인식되지 않아요.,FAQ_RAG
기존 유심을 새 휴대폰에서도 사용할 수 있나요?,FAQ_RAG
eSIM이 무엇인가요?,FAQ_RAG
eSIM을 다른 휴대폰으로 옮길 수 있나요?,FAQ_RAG
eSIM과 일반 유심을 동시에 사용할 수 있나요?,FAQ_RAG
모바일 데이터가 갑자기 안 됩니다.,FAQ_RAG
데이터 속도가 갑자기 느려졌어요.,FAQ_RAG
데이터를 모두 사용하면 어떻게 되나요?,FAQ_RAG
현재까지 사용한 데이터 양은 어디에서 확인하나요?,FAQ_RAG
데이터가 예상보다 빨리 소진됩니다.,FAQ_RAG
5G가 안 되고 LTE로만 연결됩니다.,FAQ_RAG
모바일 데이터를 완전히 차단할 수 있나요?,FAQ_RAG
특정 앱의 데이터 사용만 막을 수 있나요?,FAQ_RAG
핫스팟을 사용할 수 있나요?,FAQ_RAG
핫스팟에도 데이터 제한이 있나요?,FAQ_RAG
해외에서 휴대폰을 사용할 수 있나요?,FAQ_RAG
해외 데이터 로밍 요금은 어떻게 되나요?,FAQ_RAG
해외 로밍은 어떻게 신청하나요?,FAQ_RAG
로밍을 신청하지 않아도 해외에서 사용할 수 있나요?,FAQ_RAG
해외에서 데이터 사용을 차단하고 싶어요.,FAQ_RAG
해외에서 와이파이만 사용하고 싶어요.,FAQ_RAG
해외 로밍 요금 폭탄을 방지하려면 어떻게 하나요?,FAQ_RAG
해외에서 전화를 받으면 요금이 발생하나요?,FAQ_RAG
해외에서 문자 수신에도 요금이 발생하나요?,FAQ_RAG
해외에서 한국으로 전화하려면 어떻게 하나요?,FAQ_RAG
이번 달 휴대폰 요금을 확인하고 싶어요.,FAQ_RAG
휴대폰 요금이 평소보다 많이 나왔어요.,FAQ_RAG
지난달 요금 납부 내역을 확인하고 싶어요.,FAQ_RAG
자동이체 계좌를 변경하려면 어떻게 하나요?,FAQ_RAG
휴대폰 요금 결제 카드를 변경하고 싶어요.,FAQ_RAG
휴대폰 요금을 연체하면 어떻게 되나요?,FAQ_RAG
휴대폰 소액결제를 차단할 수 있나요?,FAQ_RAG
소액결제 한도를 변경하고 싶어요.,FAQ_RAG
서비스를 해지하려면 어떻게 하나요?,FAQ_RAG
약정 기간 중 해지하면 위약금이 발생하나요?,FAQ_RAG
약정이 끝나기 전에 다른 통신사로 이동할 수 있나요?,FAQ_RAG
해지하면 남은 단말기 할부금은 어떻게 되나요?,FAQ_RAG
해지한 번호를 다시 사용할 수 있나요?,FAQ_RAG
약정이 끝났는지 어디에서 확인할 수 있나요?,FAQ_RAG
휴대폰을 잃어버렸어요.,FAQ_RAG
휴대폰 분실 신고는 어떻게 하나요?,FAQ_RAG
분실한 휴대폰 위치를 찾을 수 있나요?,FAQ_RAG
휴대폰을 도난당했어요.,FAQ_RAG
분실한 유심을 다른 사람이 사용할 수 있나요?,FAQ_RAG
분실 정지를 해제하려면 어떻게 하나요?,FAQ_RAG
휴대폰을 잠시 사용하지 않으려고 합니다.,FAQ_RAG
일시정지 중에도 요금이 발생하나요?,FAQ_RAG
전화가 걸리지 않아요.,FAQ_RAG
전화가 오지 않아요.,FAQ_RAG
문자 메시지가 전송되지 않아요.,FAQ_RAG
문자 메시지를 받지 못하고 있어요.,FAQ_RAG
특정 전화번호를 차단하려면 어떻게 하나요?,FAQ_RAG
스팸 문자를 차단하고 싶어요.,FAQ_RAG
발신번호 표시를 숨길 수 있나요?,FAQ_RAG
통화 중 다른 전화가 오는 것을 확인할 수 있나요?,FAQ_RAG
요금제를 변경하고 싶어요.,FAQ_RAG
요금제를 변경하면 언제 적용되나요?,FAQ_RAG
데이터 무제한 요금제가 있나요?,FAQ_RAG
데이터 사용량이 적은 사람에게 적합한 요금제가 있나요?,FAQ_RAG
가족끼리 데이터를 공유할 수 있나요?,FAQ_RAG
남은 데이터를 다음 달로 넘길 수 있나요?,FAQ_RAG
약정 없이 사용할 수 있는 요금제가 있나요?,FAQ_RAG
청소년 전용 요금제가 있나요?,FAQ_RAG
가까운 매장은 어떻게 찾나요?,FAQ_RAG
매장 영업시간은 어떻게 확인하나요?,FAQ_RAG
주말에도 운영하는 매장이 있나요?,FAQ_RAG
매장에서 요금제를 변경할 수 있나요?,FAQ_RAG
고객센터 운영시간은 언제인가요?,FAQ_RAG
상담원과 직접 통화하고 싶어요.,FAQ_RAG
명의 변경이 가능한가요?,FAQ_RAG
가족 결합 할인을 신청하려면 어떻게 하나요?,FAQ_RAG
통신 서비스 장애가 발생했는지 확인하고 싶어요.,FAQ_RAG
휴대폰 개통에는 얼마나 시간이 걸리나요?,FAQ_RAG
온라인으로 휴대폰 개통이 가능한가요?,FAQ_RAG
미성년자도 휴대폰에 가입할 수 있나요?,FAQ_RAG
외국인도 휴대폰 가입이 가능한가요?,FAQ_RAG
여러 개의 휴대폰 회선을 가입할 수 있나요?,FAQ_RAG
청구서를 이메일로 받을 수 있나요?,FAQ_RAG
음성사서함을 이용할 수 있나요?,FAQ_RAG
국제전화를 사용할 수 있나요?,FAQ_RAG
데이터 사용량 알림을 받을 수 있나요?,FAQ_RAG
로밍 사용량을 확인할 수 있나요?,FAQ_RAG
휴대폰 개통 후 바로 사용할 수 있나요?,FAQ_RAG
휴대폰을 중고 기기로 변경해도 되나요?,FAQ_RAG
데이터 공유 전용 회선을 사용할 수 있나요?,FAQ_RAG
법인 명의로 가입할 수 있나요?,FAQ_RAG
가입할 때 필요한 서류는 무엇인가요?,FAQ_RAG
LTE 무제한 요금제는 100GB를 넘게 쓰면 어떻게 되나요?,FAQ_RAG
LTE 세이브 요금제에서 문자를 100건 넘게 보내면 요금이 붙나요?,FAQ_RAG
청소년 5G 요금제는 데이터를 다 쓰면 추가 요금이 나오나요?,FAQ_RAG
만 65세가 되면 시니어 요금제로 자동으로 바뀌나요?,FAQ_RAG
태블릿에서 쓸 수 있는 요금제가 있나요?,FAQ_RAG
내 사용 패턴에 맞는 요금제를 추천받을 수 있나요?,FAQ_RAG
요금제는 한 달에 몇 번까지 바꿀 수 있나요?,FAQ_RAG
선택약정 기간 중에도 요금제를 변경할 수 있나요?,FAQ_RAG
요금제를 낮추면 단말기 할부금도 줄어드나요?,FAQ_RAG
요금제를 낮추면 멤버십 등급이 바로 내려가나요?,FAQ_RAG
데이터 추가 충전은 어디에서 신청하나요?,FAQ_RAG
5G 스탠다드로 태블릿과 쉐어링하면 몇 GB까지 쓸 수 있나요?,FAQ_RAG
안내된 요금제 가격에 부가세가 포함되어 있나요?,FAQ_RAG
선택약정은 몇 개월짜리가 있나요?,FAQ_RAG
5G 스탠다드에 약정 할인을 받으면 월 요금이 얼마인가요?,FAQ_RAG
5G 라이트 요금제 약정 할인 후 금액이 궁금해요.,FAQ_RAG
청소년 5G 요금제도 선택약정 할인이 되나요?,FAQ_RAG
만 17세도 성인 요금제에 가입할 수 있나요?,FAQ_RAG
월 중간에 가입하면 첫 달 요금은 어떻게 나오나요?,FAQ_RAG
지금 사용 중인 요금제가 무엇인지 어떻게 확인하나요?,FAQ_RAG
데이터 전용 요금제에서 20GB를 다 쓰면 끊기나요?,FAQ_RAG
휴대폰 요금은 언제부터 언제까지 사용한 금액이 청구되나요?,FAQ_RAG
휴대폰 요금 납부일은 언제인가요?,FAQ_RAG
매장에서 휴대폰 요금을 직접 낼 수 있나요?,FAQ_RAG
요금을 내지 못하면 언제 연락이 오나요?,FAQ_RAG
청구서는 기본적으로 어떻게 받나요?,FAQ_RAG
무료 체험이던 부가서비스가 유료로 청구됐어요.,FAQ_RAG
휴대폰 요금 납부 확인서는 어디서 발급하나요?,FAQ_RAG
해지했는데 더 낸 요금이 있으면 어떻게 돌려받나요?,FAQ_RAG
제 회선 요금을 부모님 계좌로 내도록 할 수 있나요?,FAQ_RAG
해외에서 쓴 로밍 요금이 한참 뒤에 청구됐어요.,FAQ_RAG
이번 청구서에는 언제 쓴 요금이 들어 있나요?,FAQ_RAG
돌아가신 가족 명의 휴대폰 요금은 어떻게 정리하나요?,FAQ_RAG
청구서에 데이터 충전 요금이 있는데 언제 충전한 건가요?,FAQ_RAG
법인 회선 요금의 세금계산서를 받을 수 있나요?,FAQ_RAG
청구서의 부가세는 따로 더해지는 건가요?,FAQ_RAG
약정 할인이 청구서에 빠진 것 같아요.,FAQ_RAG
번호이동을 하면 기존 통신사는 따로 해지해야 하나요?,FAQ_RAG
이 통신사에서 알뜰폰으로 옮기려면 어디에 신청하나요?,FAQ_RAG
번호이동이 끝났는지 어떻게 확인하나요?,FAQ_RAG
번호이동을 신청할 때 기존 통신사 정보를 입력해야 하나요?,FAQ_RAG
eSIM으로 번호이동할 수 있나요?,FAQ_RAG
번호이동 신청 중에 기존 통신사에서 인증 문자가 왔어요.,FAQ_RAG
번호이동하면 기존 통신사 부가서비스는 어떻게 되나요?,FAQ_RAG
명의자 대신 가족이 매장에서 번호이동을 신청할 수 있나요?,FAQ_RAG
번호를 바꿀 때 뒷자리를 직접 고를 수 있나요?,FAQ_RAG
온라인 샵에서 기기변경을 주문하면 배송은 얼마나 걸리나요?,FAQ_RAG
번호이동을 신청했는데 개통 전에 취소할 수 있나요?,FAQ_RAG
휴대폰을 번호이동하면서 인터넷도 함께 옮길 수 있나요?,FAQ_RAG
온라인으로 휴대폰을 주문하면 며칠 만에 받을 수 있나요?,FAQ_RAG
주문한 휴대폰의 배송 주소를 바꿀 수 있나요?,FAQ_RAG
온라인으로 가입할 때 본인인증은 어떻게 하나요?,FAQ_RAG
미성년자 가입 때 가족관계증명서는 언제 발급한 것까지 인정되나요?,FAQ_RAG
신규 가입할 때 가입비가 있나요?,FAQ_RAG
가입할 때 부가서비스에 꼭 가입해야 하나요?,FAQ_RAG
신규 가입하면서 가족 결합을 같이 신청할 수 있나요?,FAQ_RAG
제가 지금 몇 회선을 쓰고 있는지 알 수 있나요?,FAQ_RAG
제가 가입하지 않은 회선이 제 명의로 개통됐어요.,FAQ_RAG
유심 비밀번호(PIN)를 설정할 수 있나요?,FAQ_RAG
쓰던 유심을 eSIM으로 바꿀 수 있나요?,FAQ_RAG
eSIM을 쓰다가 다시 실물 유심으로 바꾸고 싶어요.,FAQ_RAG
유심 크기가 여러 가지인가요?,FAQ_RAG
스마트워치도 eSIM으로 개통하나요?,FAQ_RAG
다른 사람 명의 회선의 eSIM을 제 폰에 발급받을 수 있나요?,FAQ_RAG
eSIM이 있는 휴대폰을 팔기 전에 무엇을 해야 하나요?,FAQ_RAG
유심을 새로 바꾼 뒤 일부 인증 앱이 다시 인증하라고 해요.,FAQ_RAG
유심에 교통카드 기능이 있나요?,FAQ_RAG
데이터 안심 서비스는 어떤 서비스인가요?,FAQ_RAG
데이터 안심을 쓰면 속도 제한 대신 아예 끊기는 건가요?,FAQ_RAG
집에서는 와이파이만 쓰게 하려면 어떻게 하나요?,FAQ_RAG
추가 충전한 데이터와 기본 데이터 중 무엇이 먼저 쓰이나요?,FAQ_RAG
테더링으로 쓴 데이터는 어디에서 확인하나요?,FAQ_RAG
테더링으로 연결하면 휴대폰보다 느리게 느껴져요.,FAQ_RAG
데이터 쉐어링은 어디에서 신청하나요?,FAQ_RAG
쉐어링으로 태블릿이 쓴 데이터는 어디에서 보나요?,FAQ_RAG
쉐어링 데이터를 다 쓰면 태블릿은 어떻게 되나요?,FAQ_RAG
배터리를 아끼려고 LTE로만 쓰고 싶어요.,FAQ_RAG
네트워크 모드 설정은 휴대폰 어디에 있나요?,FAQ_RAG
집 안에서만 데이터가 잘 안 터져요.,FAQ_RAG
휴대폰과 태블릿을 같이 쓰면 데이터가 더 빨리 줄어드나요?,FAQ_RAG
게임처럼 용량이 큰 파일은 어떻게 받는 게 좋나요?,FAQ_RAG
데이터 문제로 네트워크 설정을 초기화해도 되나요?,FAQ_RAG
태블릿용 데이터 회선을 새로 만들려면 어떻게 하나요?,FAQ_RAG
전화가 안 될 때 어떤 순서로 확인하나요?,FAQ_RAG
문자가 오가지 않을 때는 무엇을 확인하나요?,FAQ_RAG
저장 공간이 부족하면 문자가 안 오나요?,FAQ_RAG
통신사 스팸 차단 서비스는 유료인가요?,FAQ_RAG
통화 중 대기를 끄고 싶어요.,FAQ_RAG
차단한 번호가 너무 많으면 문제가 되나요?,FAQ_RAG
문자는 요금제마다 몇 건까지 무료인가요?,FAQ_RAG
태블릿 데이터 전용 요금제로 전화를 걸 수 있나요?,FAQ_RAG
넘버플러스는 월 얼마인가요?,FAQ_RAG
업무용 번호를 따로 두고 싶은데 방법이 있나요?,FAQ_RAG
넘버플러스를 해지하면 두 번째 번호는 어떻게 되나요?,FAQ_RAG
해외 번호로 문자를 보낼 수 있나요?,FAQ_RAG
가족이 어디 있는지 확인할 수 있는 서비스가 있나요?,FAQ_RAG
내 번호로 남이 가입하는 걸 막을 수 있나요?,FAQ_RAG
로밍 패스 기간은 현지 시간 기준인가요?,FAQ_RAG
여행이 취소됐는데 로밍 패스는 어떻게 하나요?,FAQ_RAG
로밍 차단을 걸어 둔 채로 로밍 패스를 쓸 수 있나요?,FAQ_RAG
자녀 휴대폰만 로밍을 막아 둘 수 있나요?,FAQ_RAG
로밍 요금이 이번 달 청구서에 없어요.,FAQ_RAG
가족이 함께 가는데 로밍 패스를 한 번만 가입하면 되나요?,FAQ_RAG
해외에 도착했는데 데이터가 안 돼요.,FAQ_RAG
로밍 패스에 가입하면 통화도 포함되나요?,FAQ_RAG
해외에서 통신사 앱을 쓸 수 있나요?,FAQ_RAG
해외에 있는데 요금 미납으로 정지되면 어떻게 하나요?,FAQ_RAG
해외에서도 멤버십 할인을 쓸 수 있나요?,FAQ_RAG
로밍 중에 데이터 충전으로 대신할 수 있나요?,FAQ_RAG
해외여행 전에 통신 관련해서 준비할 게 있나요?,FAQ_RAG
로밍 패스가 제대로 가입됐는지 확인하고 싶어요.,FAQ_RAG
공항 로밍센터에서는 어떤 일을 볼 수 있나요?,FAQ_RAG
해외에 있는 동안 새 회선을 개통할 수 있나요?,FAQ_RAG
선택약정 할인은 어디에서 신청하나요?,FAQ_RAG
약정 중에 더 비싼 요금제로 올려도 되나요?,FAQ_RAG
할부를 다 갚으면 약정도 같이 끝나나요?,FAQ_RAG
남은 할부금이 얼마인지 어디에서 보나요?,FAQ_RAG
할부 개월 수를 중간에 바꿀 수 있나요?,FAQ_RAG
가족이 대신 해지해 줄 수 있나요?,FAQ_RAG
가족 중 한 명이 해지하면 결합 할인은 어떻게 되나요?,FAQ_RAG
결합 상품만 해지하면 위약금이 있나요?,FAQ_RAG
당분간 휴대폰을 쓰지 않을 때 방법이 있나요?,FAQ_RAG
명의를 바꾸면 약정과 할부는 어떻게 되나요?,FAQ_RAG
약정 중에 번호이동을 하면 무엇이 청구되나요?,FAQ_RAG
약정 기간에 휴대폰만 바꿔도 되나요?,FAQ_RAG
24개월로 약정했는데 12개월로 바꿀 수 있나요?,FAQ_RAG
태블릿 회선만 해지할 수 있나요?,FAQ_RAG
미납으로 정지된 회선을 다시 쓰려면 어떻게 하나요?,FAQ_RAG
해지하기 전에 무엇을 확인하면 좋을까요?,FAQ_RAG
상담원 운영시간이 아닌데 분실 신고를 하고 싶어요.,FAQ_RAG
분실 신고할 때 본인 확인은 어떻게 하나요?,FAQ_RAG
잃어버린 휴대폰의 할부금은 어떻게 되나요?,FAQ_RAG
분실했다고 약정이 없어지나요?,FAQ_RAG
잃어버린 유심을 남이 못 쓰게 하려면 어떻게 하나요?,FAQ_RAG
정지 중에 요금을 줄일 방법이 있나요?,FAQ_RAG
분실 뒤에 신규 가입이 안 되게 막고 싶어요.,FAQ_RAG
새 휴대폰을 사기 전까지 쓸 방법이 있나요?,FAQ_RAG
정지를 해제하면 원래 유심을 그대로 쓸 수 있나요?,FAQ_RAG
해외여행 중에 휴대폰을 잃어버렸어요.,FAQ_RAG
법인 명의 휴대폰을 잃어버리면 어떻게 하나요?,FAQ_RAG
분실한 뒤 계정 보안을 어떻게 점검하나요?,FAQ_RAG
정지 중에도 부가서비스 요금이 나오나요?,FAQ_RAG
분실 정지 중에 멤버십 포인트가 사라지나요?,FAQ_RAG
매장을 예약하고 갈 수 있나요?,FAQ_RAG
예약한 매장 방문 시간을 바꿀 수 있나요?,FAQ_RAG
매장에 갈 때 무엇을 가져가야 하나요?,FAQ_RAG
매장에 가지 않고 앱으로 되는 일은 어떤 게 있나요?,FAQ_RAG
매장에서도 휴대폰을 살 수 있나요?,FAQ_RAG
휴대폰 수리를 매장에서 맡길 수 있나요?,FAQ_RAG
고객센터와 매장 중 어디로 가야 하나요?,FAQ_RAG
매장에 가기 전에 무엇을 확인하면 좋을까요?,FAQ_RAG
eSIM도 매장에서 받을 수 있나요?,FAQ_RAG
인터넷과 IPTV도 매장에서 신청하나요?,FAQ_RAG
매장이 붐비는 시간을 피하고 싶어요.,FAQ_RAG
공휴일인데 급하게 처리할 일이 있어요.,FAQ_RAG
집 전화로 고객센터에 걸려면 몇 번인가요?,FAQ_RAG
상담원과 통화할 수 있는 시간은 언제인가요?,FAQ_RAG
AI 챗봇은 어디에서 쓰나요?,FAQ_RAG
종이 청구서를 받으면 요금이 더 나오나요?,FAQ_RAG
전화하지 않고 처리할 수 있는 일은 무엇인가요?,FAQ_RAG
환불을 요청하면 언제 받나요?,FAQ_RAG
가족 회선 요금을 따로 내고 싶어요.,FAQ_RAG
청구를 묶었다가 다시 나눌 수 있나요?,FAQ_RAG
홈페이지에서도 같은 업무가 되나요?,FAQ_RAG
예전에 문의한 내용을 다시 볼 수 있나요?,FAQ_RAG
한국어가 서툰데 상담을 받을 수 있나요?,FAQ_RAG
요금이 이상한데 어디에 물어보나요?,FAQ_RAG
휴대폰 기능 사용법도 물어볼 수 있나요?,FAQ_RAG
급한 일이 생기면 어디로 연락해야 하나요?,FAQ_RAG
달 중간에 부가서비스를 가입하면 요금이 전부 나오나요?,FAQ_RAG
무료 체험이 있는 서비스는 어떻게 되나요?,FAQ_RAG
영상 구독팩에서 서비스를 고를 수 있나요?,FAQ_RAG
구독팩으로 영상을 보면 데이터가 따로 제공되나요?,FAQ_RAG
구독팩을 가족과 같이 쓸 수 있나요?,FAQ_RAG
가족 위치 알림을 그만 쓰고 싶어요.,FAQ_RAG
통화 연결음은 누구에게 들리나요?,FAQ_RAG
넘버플러스를 쓰면 요금제를 하나 더 가입해야 하나요?,FAQ_RAG
부가서비스 요금을 포인트로 낼 수 있나요?,FAQ_RAG
태블릿 회선에도 부가서비스를 넣을 수 있나요?,FAQ_RAG
비슷한 서비스를 여러 개 가입해도 되나요?,FAQ_RAG
이번 달 부가서비스 요금이 얼마인지 보고 싶어요.,FAQ_RAG
해외에 있는 동안 부가서비스를 신청할 수 있나요?,FAQ_RAG
어떤 회선에 서비스가 걸려 있는지 보고 싶어요.,FAQ_RAG
자녀 회선에 어떤 서비스를 함께 넣으면 좋을까요?,FAQ_RAG
부가서비스에 대해 더 알고 싶어요.,FAQ_RAG
멤버십 등급은 어떻게 나뉘나요?,FAQ_RAG
내년에도 같은 등급을 유지하려면 어떻게 해야 하나요?,FAQ_RAG
제 멤버십 등급을 어디에서 보나요?,FAQ_RAG
멤버십 할인은 어떻게 받나요?,FAQ_RAG
생일 쿠폰은 언제 나오나요?,FAQ_RAG
포인트로 요금을 낼 때 한도가 있나요?,FAQ_RAG
제 명의 회선이 여러 개인데 포인트를 모을 수 있나요?,FAQ_RAG
보유 포인트는 어디에서 확인하나요?,FAQ_RAG
번호를 바꾸면 등급과 포인트가 사라지나요?,FAQ_RAG
명의를 바꾸면 포인트는 어떻게 되나요?,FAQ_RAG
회선을 일시 정지하면 포인트가 없어지나요?,FAQ_RAG
멤버십은 따로 가입해야 하나요?,FAQ_RAG
제 등급이 예상과 다른데 확인할 수 있나요?,FAQ_RAG
멤버십에 대해 더 알고 싶어요.,FAQ_RAG
가족 결합을 하면 얼마나 할인되나요?,FAQ_RAG
4회선을 묶으면 전체로 얼마나 아끼나요?,FAQ_RAG
인터넷과 IPTV까지 묶으면 얼마나 할인되나요?,FAQ_RAG
초고속 인터넷 100Mbps 요금은 얼마인가요?,FAQ_RAG
IPTV는 월 얼마인가요?,FAQ_RAG
IPTV 베이직과 프리미엄은 무엇이 다른가요?,FAQ_RAG
이사 갈 때 인터넷을 옮기면 비용이 드나요?,FAQ_RAG
가족 결합과 인터넷 결합을 함께 받을 수 있나요?,FAQ_RAG
결합 신청에 쓸 가족관계증명서는 언제 발급받은 것이어야 하나요?,FAQ_RAG
어디까지 가족으로 인정되나요?,FAQ_RAG
번호이동으로 들어온 회선도 결합에 넣을 수 있나요?,FAQ_RAG
IPTV만 따로 가입할 수 있나요?,FAQ_RAG
결합 중에 요금제를 바꿔도 되나요?,FAQ_RAG
IPTV만 빼고 인터넷은 유지할 수 있나요?,FAQ_RAG
인터넷 요금도 휴대폰과 같은 날 청구되나요?,FAQ_RAG
결합으로 받을 수 있는 할인을 정리해 주세요.,FAQ_RAG
휴대폰은 어디에서 살 수 있나요?,FAQ_RAG
수리 맡긴 동안 전화를 받고 싶어요.,FAQ_RAG
기기 상태에 따라 반납 금액이 달라지나요?,FAQ_RAG
휴대폰을 반납하기 전에 무엇을 해야 하나요?,FAQ_RAG
알뜰폰을 쓰는데 요금 문의는 어디에 하나요?,FAQ_RAG
알뜰폰도 같은 통신망을 쓰나요?,FAQ_RAG
할부를 24개월과 36개월 중 어떤 걸로 할까요?,FAQ_RAG
기기변경은 어떻게 하나요?,FAQ_RAG
LTE 전용 단말에는 어떤 요금제가 맞나요?,FAQ_RAG
주문한 휴대폰이 어디까지 왔는지 보고 싶어요.,FAQ_RAG
제 휴대폰이 어떤 기기로 등록돼 있는지 보고 싶어요.,FAQ_RAG
쓰던 폰을 반납하면서 새 폰을 살 수 있나요?,FAQ_RAG
초기화한 휴대폰을 다시 쓰려면 어떻게 하나요?,FAQ_RAG
중고폰 반납은 어디에서 하나요?,FAQ_RAG
제가 모르는 회선이 조회됐어요.,FAQ_RAG
앱 비밀번호를 주기적으로 바꾸고 싶어요.,FAQ_RAG
이상한 링크가 담긴 문자가 왔어요.,FAQ_RAG
공동인증서로도 본인 확인이 되나요?,FAQ_RAG
소액결제를 아예 막고 싶어요.,FAQ_RAG
소액결제로 무엇이 결제됐는지 보고 싶어요.,FAQ_RAG
제 계정에 다른 사람이 접근하면 알 수 있나요?,FAQ_RAG
현재 위치에서 가장 가까운 매장을 찾고 싶어요.,MAP_API
현재 영업 중인 가까운 매장을 찾고 싶어요.,MAP_API
퇴근하고 저녁에 갈 수 있는 매장을 찾고 싶어요.,MAP_API
이 근처에 매장이 있는지 알고 싶어요.,MAP_API
강남역 근처 매장을 알려 주세요.,MAP_API
주차할 수 있는 매장을 찾고 있어요.,MAP_API
지금 바로 갈 수 있는 매장이 있을까요?,MAP_API
집 주소 근처 매장을 알려 주세요.,MAP_API
매장까지 가는 길을 알고 싶어요.,MAP_API
가려는 매장이 몇 시에 닫는지 알고 싶어요.,MAP_API
근처에 매장이 여러 곳이면 어디로 가는 게 좋나요?,MAP_API
가족에게 매장 위치를 알려 주고 싶어요.,MAP_API
이사한 동네 매장을 알고 싶어요.,MAP_API
자주 가던 매장이 없어졌어요.,MAP_API
지하철역 근처 매장을 찾고 있어요.,MAP_API
이번 토요일에 문 여는 매장을 근처에서 찾아 주세요.,MAP_API
지금 있는 곳 근처에서 일요일에 영업하는 매장을 찾아 주세요.,MAP_API
오늘 공휴일인데 열려 있는 매장을 찾아 주세요.,MAP_API
저녁 7시 넘어서 갈 수 있는 매장이 이 근처에 있을까요?,MAP_API
출근 전에 들를 수 있게 일찍 여는 매장이 있나요?,MAP_API
점심시간에 회사 근처에서 잠깐 들를 매장이 있나요?,MAP_API
지금 출발하면 마감 전에 도착할 수 있는 매장이 있나요?,MAP_API
내일 오전에 갈 매장을 미리 찾아 두고 싶어요.,MAP_API
명절 연휴에 문 여는 매장이 근처에 있을까요?,MAP_API
토요일 오후 3시쯤 갈 만한 매장을 찾아 주세요.,MAP_API
이 근처에서 평일에 제일 늦게까지 하는 매장이 어디예요?,MAP_API
가까운 매장 중에 오늘 쉬는 곳은 빼고 알려 주세요.,MAP_API
근처 매장들 오늘 몇 시까지 하는지 한 번에 보여 주세요.,MAP_API
이번 주말에 근처 매장들 토요일·일요일 영업시간을 비교해 주세요.,MAP_API
평일 오후 2시쯤 30분 정도 들를 수 있는 매장을 찾고 있어요.,MAP_API
오늘 저녁 6시 반에 갈 건데 그때 열려 있는 매장이 있을까요?,MAP_API
1월 1일에 문 여는 매장이 있나요?,MAP_API
가까운 매장이 오늘 임시로 문 닫았는지 알 수 있나요?,MAP_API
토요일 아침에 문 열자마자 갈 수 있는 매장 있어요?,MAP_API
공휴일에 폰을 잃어버렸는데 오늘 여는 매장이 있나요?,MAP_API
장 보러 가는 길에 주차하고 들를 매장이 있을까요?,MAP_API
토요일에 차로 갈 건데 주차되는 매장을 찾아 주세요.,MAP_API
부모님을 모시고 가야 해서 주차되는 매장이 필요해요.,MAP_API
가려는 매장에 차를 댈 곳이 있는지 알고 싶어요.,MAP_API
근처 매장 중에 주차되는 곳만 골라서 보여 주세요.,MAP_API
평일 저녁에 차 몰고 갈 수 있는 매장을 찾아 주세요.,MAP_API
새 폰 사러 차로 갈 건데 주차 가능한 매장이 어디예요?,MAP_API
명의 변경하러 차 타고 갈 건데 주차되는 매장 중 가까운 곳은요?,MAP_API
이사 온 지 얼마 안 돼서 동네를 잘 모르는데 차 대기 편한 매장이 있을까요?,MAP_API
인터넷 결합 상담 받으러 차로 갈 매장을 찾아 주세요.,MAP_API
아이랑 유모차까지 챙겨 가야 해서 주차되는 매장이 필요해요.,MAP_API
명의 변경 업무를 하는 가까운 매장을 알려 주세요.,MAP_API
저랑 동생이 사는 곳 중간쯤에서 명의 변경할 매장을 찾고 싶어요.,MAP_API
토요일에 명의 변경 처리할 수 있는 매장 있나요?,MAP_API
아버지 명의 폰을 제 명의로 바꾸러 갈 매장을 아버지 댁 근처에서 찾아 주세요.,MAP_API
회사 점심시간에 명의 변경하러 갈 수 있는 매장이 근처에 있을까요?,MAP_API
지금 보고 있는 매장의 취급 업무에 명의 변경이 있는지 확인해 주세요.,MAP_API
명의 변경을 퇴근 후에 하고 싶은데 저녁까지 하는 매장 있나요?,MAP_API
명의 변경하고 가족 결합까지 한 번에 할 수 있는 매장이 근처에 있나요?,MAP_API
아이 첫 휴대폰을 만들러 갈 가까운 매장을 찾아요.,MAP_API
아이 학교 근처에 청소년 요금제 가입되는 매장이 있나요?,MAP_API
아이 학원 끝나고 같이 갈 수 있는 매장을 찾아 주세요.,MAP_API
주말에 아이랑 같이 갈 수 있는 매장을 찾고 있어요.,MAP_API
중학생 아들 폰 바꿔 주러 갈 매장을 집 근처에서 찾아요.,MAP_API
방학이라 평일 낮에 아이랑 갈 매장을 찾고 있어요.,MAP_API
아이 폰 유해 사이트 차단 설정을 도와줄 가까운 매장을 찾아요.,MAP_API
이 매장에서도 미성년자 가입이 되는지 확인해 주세요.,MAP_API
외국인 친구가 가입하려는데 데려갈 매장을 찾고 있어요.,MAP_API
회사 외국인 직원 휴대폰 가입을 도와주러 갈 매장을 찾아요.,MAP_API
학교 근처에 유학생이 가입할 수 있는 매장이 있나요?,MAP_API
외국인등록증 받은 남편이랑 토요일에 가입하러 갈 매장 있나요?,MAP_API
가까운 매장 중에 외국인 가입 받는 곳이 있는지 알려 주세요.,MAP_API
공장 기숙사 근처에 외국인 가입되는 매장이 있을까요?,MAP_API
어머니 대신 업무 보러 가려는데 어머니 댁 근처 매장을 찾아 주세요.,MAP_API
대리인 업무도 받아 주는 매장인지 확인하고 가고 싶어요.,MAP_API
남편이 입원 중이라 대신 처리하러 갈 매장을 병원 근처에서 찾아요.,MAP_API
아내 회선 업무를 대신 보러 회사 근처 매장에 가려고요.,MAP_API
토요일에 대리인으로 갈 수 있는 매장 있나요?,MAP_API
유심이 인식이 안 돼서 교체하러 갈 가까운 매장을 찾아요.,MAP_API
eSIM 설정이 어려워서 직접 도와줄 매장을 찾고 싶어요.,MAP_API
출국 전에 유심을 바꿔야 하는데 공항 가는 길에 매장이 있을까요?,MAP_API
회사 근처에서 새 유심을 받을 수 있는 매장이 있나요?,MAP_API
토요일에 유심 교체할 수 있는 매장을 찾고 있어요.,MAP_API
워치에 eSIM 넣는 걸 도와줄 매장이 근처에 있나요?,MAP_API
여행 중에 유심 오류가 났는데 숙소 근처에 매장이 있을까요?,MAP_API
지금 선택한 매장의 취급 업무에 eSIM 발급 지원이 있는지 봐 주세요.,MAP_API
퇴근하고 유심 바꾸러 갈 수 있는 매장을 찾아 주세요.,MAP_API
유심이 잠겨서 매장에 가 봐야 할 것 같은데 가까운 곳이 어디예요?,MAP_API
다른 통신사에서 옮기려는데 상담받을 매장이 근처에 있나요?,MAP_API
기기변경하러 갈 매장을 회사 근처에서 찾고 있어요.,MAP_API
새로 나온 폰을 직접 보고 사고 싶은데 가까운 매장이 어디예요?,MAP_API
번호를 하나 더 만들려는데 근처 매장 좀 알려 주세요.,MAP_API
태블릿 요금제 가입하러 갈 매장을 찾고 있어요.,MAP_API
토요일에 폰 바꾸러 갈 매장을 찾아 주세요.,MAP_API
부모님 폰 사 드리러 같이 갈 매장을 부모님 댁 근처에서 찾고 있어요.,MAP_API
알뜰폰 쓰다가 넘어오려는데 상담받을 매장이 가까이 있나요?,MAP_API
가족 셋이 한꺼번에 폰을 바꾸려는데 같이 갈 매장을 찾아요.,MAP_API
자급제 폰을 샀는데 개통 도와줄 매장이 근처에 있나요?,MAP_API
집에 있던 공기계에 유심을 새로 넣으려는데 근처에 유심 받을 매장이 있나요?,MAP_API
지금 고른 매장의 취급 업무에 단말 판매가 있는지 봐 주세요.,MAP_API
퇴근하고 번호이동 상담받을 수 있는 매장 있어요?,MAP_API
쓰던 폰 반납하고 보상받을 수 있는 매장이 근처에 있나요?,MAP_API
새 폰 사면서 예전 폰도 반납하려는데 둘 다 되는 매장을 찾아요.,MAP_API
토요일에 중고폰 반납하러 갈 수 있는 매장 있나요?,MAP_API
밀린 요금을 현금으로 내려는데 가까운 매장이 어디예요?,MAP_API
요금제 상담받으러 갈 가까운 매장 있나요?,MAP_API
어르신 요금제 상담받을 매장을 부모님 댁 근처에서 찾고 있어요.,MAP_API
회사 끝나고 요금 내러 갈 수 있는 매장이 있나요?,MAP_API
부가서비스 정리하는 걸 직접 상담받고 싶은데 근처 매장 있어요?,MAP_API
회선 해지하러 갈 가까운 매장을 알려 주세요.,MAP_API
회사 법인폰 업무를 볼 수 있는 매장을 찾아 주세요.,MAP_API
재약정 상담받으러 갈 매장을 집 근처에서 찾고 있어요.,MAP_API
인터넷이랑 휴대폰 결합 상담받을 매장을 찾고 있어요.,MAP_API
IPTV 가입 상담을 직접 받아 보고 싶은데 근처 매장 있나요?,MAP_API
이사 갈 동네에서 인터넷 이전 상담받을 매장이 있을까요?,MAP_API
가족 결합 신청하러 다 같이 갈 매장을 찾고 있어요.,MAP_API
신혼집 근처에서 인터넷·IPTV 같이 상담받을 매장을 찾아요.,MAP_API
토요일에 가족들이랑 결합 신청하러 갈 매장을 찾아 주세요.,MAP_API
인천공항 2터미널에서 로밍센터가 어디 있어요?,MAP_API
1터미널 출국장 근처 로밍센터를 찾아 주세요.,MAP_API
출국 전에 로밍 상담받을 매장을 집 근처에서 찾고 싶어요.,MAP_API
새벽 6시 비행기인데 그 시간에 여는 로밍센터가 있나요?,MAP_API
방금 인천공항에 도착했는데 폰이 안 터져서요. 공항 안에 도움받을 곳이 있나요?,MAP_API
김포공항 근처에 일반 매장도 있나요?,MAP_API
내일 출국인데 오늘 저녁에 로밍 상담받을 수 있는 매장 있어요?,MAP_API
공항철도에서 내려서 로밍센터까지 어떻게 가요?,MAP_API
폰을 잃어버려서 새 폰으로 이어 쓰려면 어느 매장으로 가면 돼요?,MAP_API
폰을 잃어버려서 친구 폰으로 묻는데 이 근처 매장 좀 알려 주세요.,MAP_API
통화가 자주 끊겨서 직접 상담받으러 갈 매장을 찾아요.,MAP_API
점검을 다 해봐도 데이터가 안 돼서 매장에 가 보려고요.,MAP_API
문자가 안 와서 매장에서 확인받고 싶은데 가까운 곳이 어디예요?,MAP_API
제 명의로 모르는 회선이 있어서 매장에 바로 가 보려고요.,MAP_API
방문 예약이 되는 가까운 매장을 찾아 주세요.,MAP_API
토요일 오전에 예약하고 갈 매장을 찾고 있어요.,MAP_API
예약하려는데 집이랑 회사 중 어느 쪽 매장이 나을까요?,MAP_API
예약해 둔 매장이 어디 있는지 지도로 보고 싶어요.,MAP_API
오늘 오후에 바로 예약 잡을 수 있는 매장이 근처에 있나요?,MAP_API
이 매장도 방문 예약을 받나요?,MAP_API
근처 매장 중에 오늘 가장 빨리 예약되는 곳이 어디예요?,MAP_API
여행 와서 숙소 근처 매장을 찾고 있어요.,MAP_API
출장 간 도시에서 들를 수 있는 매장을 알려 주세요.,MAP_API
병원 진료 끝나고 근처 매장에 들르려고요.,MAP_API
고속버스터미널 근처에 매장이 있을까요?,MAP_API
기차역에 내려서 바로 갈 수 있는 매장 있나요?,MAP_API
백화점 쇼핑하고 근처 매장에도 가 보려고요.,MAP_API
학교 캠퍼스 근처 매장을 찾고 있어요.,MAP_API
부모님 댁 근처에 매장이 있는지 알려 주세요.,MAP_API
여기서 걸어서 갈 수 있는 거리에 매장이 있나요?,MAP_API
반경 1km 안에 있는 매장만 보고 싶어요.,MAP_API
차로 10분 안에 갈 수 있는 매장을 찾아 주세요.,MAP_API
버스 타고 가기 편한 매장이 어디예요?,MAP_API
전통시장 근처에 매장이 있나요?,MAP_API
지도에서 핀 찍은 위치 주변 매장을 알려 주세요.,MAP_API
도로명 주소로 알려 드릴 테니 그 근처 매장을 찾아 주세요.,MAP_API
친구랑 약속 장소 근처에 매장이 있으면 같이 들르려고요.,MAP_API
집에서 회사 가는 길 중간에 매장이 있을까요?,MAP_API
외근 나왔는데 지금 있는 곳에서 업무 볼 매장 좀 찾아 주세요.,MAP_API
휴가 나와서 부대 근처 매장에 들르려고 하는데 찾아 줄 수 있어요?,MAP_API
우리 아파트 단지 근처에 매장이 있나요?,MAP_API
주민센터에서 가족관계증명서 떼고 바로 갈 매장을 찾아요.,MAP_API
친구가 있는 곳 근처 매장을 대신 찾아 줄 수 있어요?,MAP_API
연세 드신 아버지가 혼자 가셔야 해서 댁에서 제일 가까운 매장을 찾고 있어요.,MAP_API
시골이라 근처에 매장이 없는 것 같은데 그래도 제일 가까운 곳이 어디예요?,MAP_API
폰이 고장 나서 컴퓨터로 보고 있는데 집 근처 매장 좀 알려 주세요.,MAP_API
여기서 그 매장까지 걸어가는 길을 알려 주세요.,MAP_API
근처 매장들을 지도에 한꺼번에 표시해 줄 수 있어요?,MAP_API
차 내비에 찍을 매장 주소를 알려 주세요.,MAP_API
매장이 역 몇 번 출구 쪽에 있는지 궁금해요.,MAP_API
매장 근처까지 왔는데 입구를 못 찾겠어요.,MAP_API
근처 매장을 가까운 순서대로 정렬해서 보여 주세요.,MAP_API
지금 위치에서 그 매장까지 얼마나 떨어져 있어요?,MAP_API
이 매장에 전화해 보고 싶은데 연락처가 어떻게 돼요?,MAP_API
지금 선택한 매장의 토요일 영업시간을 알려 주세요.,MAP_API
방금 찾은 매장 주소를 다시 알려 주세요.,MAP_API
가려는 매장이 오늘 쉬는 날인지 확인해 주세요.,MAP_API
매장이 건물 몇 층에 있는지 알 수 있어요?,MAP_API
요금제 상담이랑 유심 교체를 한 번에 할 수 있는 매장이 근처에 있나요?,MAP_API
처음 알려 준 매장 말고 다른 가까운 곳도 알려 주세요.,MAP_API
매장 이름은 아는데 위치를 모르겠어요.,MAP_API
지난번에 간 매장 이름이 생각 안 나는데 역 근처였어요.,MAP_API
우리 동네에 새로 생긴 매장이 있나요?,MAP_API
근처 매장들이 각각 어떤 업무를 하는지 비교해서 보여 주세요.,MAP_API
이 근처에서 웬만한 업무는 다 되는 매장이 어디예요?,MAP_API
제일 가까운 매장이 문 닫았으면 그다음 가까운 곳을 알려 주세요.,MAP_API
가족 넷이 각자 다른 업무를 보려는데 다 되는 매장을 찾아요.,MAP_API
홍대입구역 근처에서 토요일 오후에 여는 매장이 있을까요?,MAP_API
서울역에서 기차 타기 전에 유심 바꿀 수 있는 매장이 있나요?,MAP_API
분당 정자동 근처에서 명의 변경 처리되는 매장을 찾아 주세요.,MAP_API
제주도 여행 중인데 렌터카로 갈 수 있는 매장 좀 알려 주세요.,MAP_API
춘천에서 일요일에 여는 매장이 있는지 알려 주세요.,MAP_API
세종시 나성동에서 요금 직접 낼 수 있는 매장을 알려 주세요.,MAP_API
광화문 근처 매장에 점심시간으로 방문 예약하고 싶어요.,MAP_API
광명역 근처에 출국 전 로밍 상담받을 매장이 있나요?,MAP_API
속초에 놀러 왔는데 데이터가 안 돼서 매장에 가 보려고요.,MAP_API
수원역 근처에 외국인 가입 가능한 매장을 알려 주세요.,MAP_API
대구 동성로에서 새 폰 보러 갈 매장을 찾고 있어요.,MAP_API
천안 불당동에서 중고폰 반납되는 매장 있어요?,MAP_API
창원 상남동에 eSIM 발급 도와주는 매장이 있나요?,MAP_API
평택 고덕 쪽에서 법인폰 업무 보는 매장을 찾아 주세요.,MAP_API
코엑스 쪽에 매장이 있으면 전시 보고 들르려고요.,MAP_API
수서역에서 SRT 타기 전에 잠깐 들를 매장이 있나요?,MAP_API
마곡에 새로 입사했는데 회사 근처 매장을 알아 두고 싶어요.,MAP_API
전주 한옥마을 구경하다가 들를 수 있는 매장이 있을까요?,MAP_API
제주공항 근처에서 유심 문제를 봐줄 매장이 있나요?,MAP_API
잠실역 쪽 매장 중에 주차되는 곳을 찾고 있어요.,MAP_API
부산 남포동 구경하다가 들를 매장 있나요?,MAP_API
교대역 근처에서 위임장 들고 대신 처리하러 갈 매장을 찾아요.,MAP_API
광주 상무지구에서 평일 오후에 예약하고 갈 매장을 찾아요.,MAP_API
안산 원곡동 근처에 외국인 근로자 가입되는 매장이 있나요?,MAP_API
천호역 근처에서 인터넷이랑 IPTV 같이 상담받을 매장을 찾아요.,MAP_API
신림역 쪽에 토요일 오후에도 하는 매장 있어요?,MAP_API
봉천역 근처에서 퇴근하고 들를 만한 매장 알려 주세요.,MAP_API
서울대입구역 근처에 외국인 학생도 가입되는 매장이 있나요?,MAP_API
낙성대역에서 유심 바꿀 수 있는 곳 찾고 있어요.,MAP_API
대림역 주변에 외국인 가입 받아 주는 매장이 어디예요?,MAP_API
문래역 근처 매장 중에 차 댈 수 있는 곳이 있을까요?,MAP_API
선유도역 근처에서 폰 바꿀 매장 좀 찾아 주세요.,MAP_API
발산역 근처에서 명의 변경 처리되는 매장이 있나요?,MAP_API
우장산역 쪽에 아이 휴대폰 가입되는 매장 있어요?,MAP_API
오목교역 근처 매장 중에 예약하고 갈 수 있는 곳을 알려 주세요.,MAP_API
까치산역 근처에서 요금 직접 낼 수 있는 매장이 있나요?,MAP_API
응암역 쪽에서 가족 대신 업무 볼 수 있는 매장을 찾아요.,MAP_API
녹번역 근처에 일요일에 여는 매장이 있는지 알려 주세요.,MAP_API
홍제역에서 새 폰 사러 갈 매장이 어디 있어요?,MAP_API
독립문역 근처에서 요금제 상담받을 매장을 찾아 주세요.,MAP_API
공덕역 근처 매장들 오늘 몇 시까지 해요?,MAP_API
대흥역 근처에서 가족 결합 신청할 매장을 찾고 있어요.,MAP_API
광흥창역 쪽에서 인터넷 상담받을 수 있는 매장 있나요?,MAP_API
상수역 근처에 토요일에 문 여는 매장 있어요?,MAP_API
디지털미디어시티역 근처에서 법인폰 업무 보는 매장 찾아 주세요.,MAP_API
이대역 근처에 유학생 가입 가능한 매장이 있나요?,MAP_API
숙대입구역 근처에 eSIM 설정 도와주는 매장 있어요?,MAP_API
삼각지역 쪽에서 번호이동 상담받을 매장을 찾아요.,MAP_API
이촌역 근처 매장 중 주차 가능한 곳 알려 주세요.,MAP_API
한남동 쪽에 외국인 가입 되는 매장이 있나요?,MAP_API
옥수역 근처에 저녁 늦게까지 하는 매장 있어요?,MAP_API
약수역 근처에서 중고폰 반납할 수 있는 매장 찾아 주세요.,MAP_API
신당역 쪽에서 밀린 요금 낼 수 있는 매장이 어디예요?,MAP_API
답십리역 근처에서 기기변경할 곳 찾고 있어요.,MAP_API
장한평역 쪽에 주차되는 매장이 있을까요?,MAP_API
아차산역 근처에서 중학생 아이 폰 만들러 갈 매장이 있나요?,MAP_API
구의역 근처에서 유심 교체되는 매장 알려 주세요.,MAP_API
강변역 근처에 새로 나온 폰 볼 수 있는 매장 있어요?,MAP_API
석촌역 쪽 매장에 방문 예약하고 싶은데 가능한 곳 있나요?,MAP_API
문정역 근처 회사인데 법인 업무 되는 매장 찾아 주세요.,MAP_API
마천역 근처에 일요일에도 문 여는 매장이 있나요?,MAP_API
오금역 쪽에서 위임장 들고 갈 매장을 찾고 있어요.,MAP_API
둔촌동역 근처에서 결합 신청하러 갈 매장 알려 주세요.,MAP_API
명일역 근처에 토요일 아침에 여는 매장 있어요?,MAP_API
암사역 쪽에서 IPTV 상담받을 매장이 있을까요?,MAP_API
대치동 학원가 근처에 아이 폰 가입되는 매장이 있나요?,MAP_API
도곡역 근처에 주차하고 갈 매장 찾아 주세요.,MAP_API
양재역에서 퇴근 후에 갈 수 있는 매장 있어요?,MAP_API
남부터미널역 근처에서 출국 전 로밍 상담받을 곳 있나요?,MAP_API
방배역 근처에서 명의 변경하러 갈 매장을 찾아요.,MAP_API
고속터미널에서 폰을 잃어버렸는데 근처 매장이 어디예요?,MAP_API
신사역 근처에 폰 사러 갈 만한 매장 있어요?,MAP_API
논현역 쪽 매장 중 오늘 예약되는 곳 알려 주세요.,MAP_API
강남구청역 근처에서 법인 회선 업무 보는 매장을 찾아요.,MAP_API
청담역 근처에서 eSIM 발급 도와주는 매장 있나요?,MAP_API
선정릉역 근처에 통신사 옮기는 상담 해 주는 매장 있어요?,MAP_API
성신여대입구역 근처에 외국인 친구 가입시키러 갈 매장이 있나요?,MAP_API
길음역 근처에서 토요일에 하는 매장 찾아 주세요.,MAP_API
월곡역 쪽에서 요금 현금으로 낼 수 있는 매장 있어요?,MAP_API
석계역 근처에 유심 받을 수 있는 매장이 있을까요?,MAP_API
광운대역 근처에 고등학생 가입 받아 주는 매장 있나요?,MAP_API
창동역 근처에 주차되는 매장을 찾고 있어요.,MAP_API
도봉산역 근처에 일요일 영업하는 매장이 있나요?,MAP_API
중계동에서 가족 결합 신청할 매장을 찾아 주세요.,MAP_API
공릉역 근처에서 쓰던 폰 반납할 수 있는 곳 있어요?,MAP_API
상봉역 쪽에서 폰 바꾸러 갈 매장 알려 주세요.,MAP_API
회기역 근처에 유학생 가입되는 매장이 있나요?,MAP_API
안암역 근처에서 eSIM 도와줄 매장을 찾아요.,MAP_API
혜화역 근처 매장에 토요일 예약할 수 있는 곳이 있나요?,MAP_API
광장시장에서 가장 가까운 매장 가는 길을 알려 주세요.,MAP_API
영통역 근처에 저녁 8시 전까지 갈 수 있는 매장 있어요?,MAP_API
광교중앙역 근처에서 인터넷이랑 휴대폰 결합 상담할 곳 있나요?,MAP_API
수원시청역 근처에서 명의 변경 업무 보는 매장을 찾아요.,MAP_API
동탄역 근처에 차 가지고 갈 수 있는 매장 있나요?,MAP_API
병점역 근처에 아이 첫 폰 만들 매장이 있을까요?,MAP_API
오산대역 쪽에 토요일 영업 매장 있어요?,MAP_API
지제역 근처에서 법인폰 업무 보는 곳 찾아 주세요.,MAP_API
화성 봉담에서 기기변경할 매장 알려 주세요.,MAP_API
송산그린시티 근처에 주차되는 매장 있나요?,MAP_API
정왕역 근처에 외국인 근로자 가입되는 매장이 있나요?,MAP_API
오이도역에서 제일 가까운 매장까지 가는 길 알려 주세요.,MAP_API
소래포구역 근처에 유심 교체 가능한 매장 있어요?,MAP_API
주안역 근처에서 저녁에 갈 수 있는 매장을 찾아요.,MAP_API
계양역 근처에서 공항 가기 전에 로밍 상담받을 매장 있나요?,MAP_API
청라 쪽에서 새 폰 사러 갈 매장 알려 주세요.,MAP_API
검단 신도시에서 가족 결합 신청하러 갈 매장이 있나요?,MAP_API
영종도에서 유심 바꿀 매장을 찾고 있어요.,MAP_API
인천 구월동 매장 중 예약 받는 곳이 있나요?,MAP_API
송내역 근처에서 요금 낼 수 있는 매장 있어요?,MAP_API
춘의역 근처에서 대리인으로 업무 볼 매장을 찾아요.,MAP_API
광명사거리역 쪽에서 폰 바꿀 매장 알려 주세요.,MAP_API
철산역 근처에 아이 폰 가입하러 갈 매장 있나요?,MAP_API
금천구청역 근처에서 법인 업무 처리되는 곳 있어요?,MAP_API
석수역 근처 매장 중 주차 가능한 곳 찾아 주세요.,MAP_API
금정역 근처에서 토요일에 문 여는 매장 있을까요?,MAP_API
산본에서 가족 결합 신청하러 갈 매장 알려 주세요.,MAP_API
상록수역 근처에 외국인 가입 가능한 매장이 있나요?,MAP_API
고잔역 근처에서 중고폰 반납되는 매장 찾아요.,MAP_API
인덕원역 근처에 eSIM 도와주는 매장 있어요?,MAP_API
미금역 근처에 퇴근 후 갈 수 있는 매장이 있나요?,MAP_API
죽전역 근처에 주차 편한 매장 찾아 주세요.,MAP_API
기흥역 근처에서 폰 구경하고 살 매장 있어요?,MAP_API
야탑역 근처에서 명의 변경할 매장을 찾고 있어요.,MAP_API
모란역 근처에서 요금 수납되는 매장이 있나요?,MAP_API
위례 신도시에 아이 휴대폰 가입되는 매장 있어요?,MAP_API
감일지구 근처에서 기기변경할 매장을 알려 주세요.,MAP_API
구리역 근처에 토요일에 하는 매장이 있나요?,MAP_API
별내에서 가족 결합 신청할 매장을 찾고 있어요.,MAP_API
평내호평역 근처에 주차되는 매장 있어요?,MAP_API
가평 놀러 왔는데 일요일에 여는 매장이 근처에 있나요?,MAP_API
양주역 근처에서 유심 바꿀 수 있는 매장 찾아 주세요.,MAP_API
동두천 쪽에 외국인 가입되는 매장이 있나요?,MAP_API
포천 송우리에서 폰 바꾸러 갈 매장 알려 주세요.,MAP_API
일산 마두역 근처 매장에 방문 예약하고 싶어요.,MAP_API
백석역 근처에서 저녁까지 하는 매장을 찾아요.,MAP_API
삼송역 근처에 새 폰 사러 갈 매장 있나요?,MAP_API
행신역 근처에서 출국 전에 로밍 상담받을 곳 있어요?,MAP_API
금촌역 근처에 아이 폰 만들러 갈 매장이 있나요?,MAP_API
구래역 근처에 주차하고 갈 매장 있어요?,MAP_API
풍무역 근처에서 가족 결합 상담받을 매장을 찾아요.,MAP_API
센텀시티 근처에 폰 사러 갈 매장 있나요?,MAP_API
동래역 근처에서 명의 변경 처리되는 곳 있어요?,MAP_API
부산대역 근처에 유학생 가입 가능한 매장이 있나요?,MAP_API
연산역 근처에 저녁에 갈 수 있는 매장 알려 주세요.,MAP_API
광안리 근처에 토요일에 여는 매장 있어요?,MAP_API
사상역 근처에서 법인 업무 보는 매장을 찾아요.,MAP_API
반월당역 근처에 주차되는 매장이 있나요?,MAP_API
범어역 근처 매장 중 예약 가능한 곳을 알려 주세요.,MAP_API
수성못 근처에 일요일 영업 매장이 있어요?,MAP_API
칠성시장역 근처에서 요금 낼 매장 있나요?,MAP_API
금남로 근처에서 번호이동 상담받을 매장 찾아요.,MAP_API
광주송정역 근처에 유심 교체되는 매장 있나요?,MAP_API
수완지구에서 아이 폰 가입하러 갈 매장 알려 주세요.,MAP_API
지금 제 데이터가 몇 GB 남았는지 알려 주세요.,USER_INFO
제 데이터 다 쓴 상태인지 바로 알려 줄 수 있어요?,USER_INFO
제 요금제로 테더링 얼마나 더 쓸 수 있어요?,USER_INFO
저 이번 달 요금 얼마 나왔어요?,USER_INFO
제가 밀린 요금이 있나요?,USER_INFO
제 요금은 매달 며칠에 빠져나가요?,USER_INFO
이번 달에 제가 소액결제로 쓴 돈이 얼마예요?,USER_INFO
제 요금이 어떤 카드나 계좌로 나가고 있어요?,USER_INFO
제가 지금 무슨 요금제 쓰고 있어요?,USER_INFO
제가 이번 달에 요금제를 또 바꿀 수 있는 상태인가요?,USER_INFO
"제 통화 몇 분, 문자 몇 건 남았어요?",USER_INFO
제 약정 언제 끝나요?,USER_INFO
제 폰 할부 몇 개월 남았어요?,USER_INFO
제가 지금 해지하면 할인반환금이 얼마나 나와요?,USER_INFO
제가 가입한 부가서비스 목록 좀 보여 주세요.,USER_INFO
저 모르게 돈 나가는 유료 서비스가 있나요?,USER_INFO
제 포인트 지금 몇 점이에요?,USER_INFO
곧 없어지는 제 포인트가 있나요?,USER_INFO
저 멤버십 등급이 뭐예요?,USER_INFO
제 회선이 누구랑 결합돼 있어요?,USER_INFO
제가 로밍 패스 가입돼 있는지 확인해 주세요.,USER_INFO
제 폰 지금 로밍 차단돼 있어요?,USER_INFO
제 폰이 중고폰 반납 보상 받을 수 있는 시점이에요?,USER_INFO
제가 번호도용 방지 서비스 신청해 뒀었나요?,USER_INFO
이번 달에 제가 데이터를 지금까지 얼마나 썼어요?,USER_INFO
지난달에 제가 쓴 데이터가 총 몇 GB였는지 알려 주세요.,USER_INFO
최근 석 달 동안 제 데이터 사용량을 비교해 보고 싶어요.,USER_INFO
제가 충전한 데이터가 아직 남아 있나요?,USER_INFO
이번 달에 데이터 충전을 몇 번 했는지 알려 주세요.,USER_INFO
제 쉐어링 서브 회선이 데이터를 얼마나 썼는지 알고 싶어요.,USER_INFO
제 회선에 쉐어링으로 연결된 기기가 몇 개예요?,USER_INFO
지금 제가 쓰는 요금제가 쉐어링 되는 요금제인지 확인해 주세요.,USER_INFO
이번 달 핫스팟으로 쓴 데이터가 얼마인지 궁금해요.,USER_INFO
제가 데이터 안심 서비스에 가입돼 있나요?,USER_INFO
어제 하루 동안 데이터를 많이 썼는데 얼마나 썼는지 보여 주세요.,USER_INFO
이 속도로 쓰면 제 데이터가 이번 달 안에 바닥날까요?,USER_INFO
제 태블릿 회선 데이터가 얼마나 남았어요?,USER_INFO
제 워치 회선은 이번 달에 데이터 얼마나 썼나요?,USER_INFO
제 요금제 기본 데이터가 몇 GB짜리예요?,USER_INFO
제 요금제는 데이터 다 쓰면 속도가 얼마로 떨어져요?,USER_INFO
올해 데이터를 제일 많이 쓴 달이 언제였어요?,USER_INFO
이번 달 제가 통화한 시간이 총 얼마예요?,USER_INFO
제가 이번 달에 통화 제공량을 넘겨서 요금이 붙었나요?,USER_INFO
문자를 많이 보냈는데 추가 요금이 나왔는지 확인해 주세요.,USER_INFO
최근에 제가 건 국제전화 내역을 보여 주세요.,USER_INFO
지난주 금요일에 통화한 기록을 확인하고 싶어요.,USER_INFO
제 전화가 다른 번호로 돌려지게 설정돼 있나요?,USER_INFO
제 회선에 스팸 차단이 가입돼 있는지 확인해 주세요.,USER_INFO
제 폰에 통화 연결음이 설정돼 있나요?,USER_INFO
넘버플러스로 받은 제 두 번째 번호가 뭐였죠?,USER_INFO
착신 전환된 통화 때문에 이번 달 요금이 얼마나 나왔어요?,USER_INFO
이번 달 제가 보낸 문자가 몇 건이에요?,USER_INFO
제 폰이 지금 전화를 걸 수 없는 상태인가요?,USER_INFO
지난달 요금이 얼마 나왔는지 알려 주세요.,USER_INFO
3월에 제 휴대폰 요금이 얼마였어요?,USER_INFO
이번 달 요금이 지금까지 얼마쯤 쌓였어요?,USER_INFO
이번 달 요금에서 할부금이 얼마고 통신비가 얼마인지 나눠서 알려 주세요.,USER_INFO
제 요금에 할인이 뭐뭐 들어가 있어요?,USER_INFO
제가 늦게 내서 붙은 연체 가산금이 얼마예요?,USER_INFO
제 요금이 몇 달째 밀려 있는 거예요?,USER_INFO
제 요금이 자동이체로 빠지게 돼 있나요?,USER_INFO
이번 달 요금이 이미 빠져나갔나요?,USER_INFO
카드 한도 때문에 요금 결제가 실패했는지 확인해 주세요.,USER_INFO
제 회선 요금은 누구 이름으로 내고 있어요?,USER_INFO
가족 요금이랑 제 요금이 한 청구서로 묶여 있나요?,USER_INFO
제 청구서가 지금 어떤 방식으로 오고 있어요?,USER_INFO
청구서 받는 이메일 주소가 뭐로 등록돼 있어요?,USER_INFO
요금을 두 번 냈는데 환불이 어떻게 처리되고 있어요?,USER_INFO
올해 제가 낸 통신비가 전부 얼마예요?,USER_INFO
연말정산에 쓰게 작년 한 해 통신비 합계를 알려 주세요.,USER_INFO
소액결제 한도를 예전에 바꿨는데 지금 제 설정값이 얼마예요?,USER_INFO
제 번호로 소액결제가 막혀 있는지 확인해 주세요.,USER_INFO
이번 달 소액결제가 어디서 결제된 건지 보여 주세요.,USER_INFO
이번 달 소액결제를 얼마 더 쓸 수 있어요?,USER_INFO
이번 청구서에 데이터 충전비가 얼마 들어갔어요?,USER_INFO
이번 달 요금에서 부가세가 얼마예요?,USER_INFO
이번 달에 요금제를 바꿔서 일할 계산된 금액이 얼마예요?,USER_INFO
지난달 해외에서 쓴 로밍 요금이 이번 청구서에 들어갔나요?,USER_INFO
요금 낼 가상계좌 번호를 알려 주세요.,USER_INFO
이번 달 청구서가 저한테 발송됐는지 확인해 주세요.,USER_INFO
이번 달 요금이 지난달보다 왜 늘었는지 내역으로 비교해 주세요.,USER_INFO
다음 요금 출금 예정일이 언제예요?,USER_INFO
제 명의 회선 두 개 요금을 각각 알려 주세요.,USER_INFO
이번 달 요금에서 제일 많이 나온 항목이 뭐예요?,USER_INFO
다음 달에는 요금이 얼마 정도 나올까요?,USER_INFO
최근 1년 동안 제가 요금을 늦게 낸 적이 있나요?,USER_INFO
등록해 둔 엄마 회선 이번 달 요금이 얼마예요?,USER_INFO
제가 요금제를 언제 무엇으로 바꿨는지 이력을 보고 싶어요.,USER_INFO
다음 달부터 바뀌게 예약한 요금제가 제대로 걸려 있나요?,USER_INFO
제 청소년 요금제가 언제 일반 요금제로 바뀌나요?,USER_INFO
제 나이로 시니어 요금제에 가입할 수 있나요?,USER_INFO
제가 매달 내는 요금제 기본료가 얼마예요?,USER_INFO
제 최근 사용량으로 보면 어떤 요금제가 맞아요?,USER_INFO
지금 요금제로 바꾼 지 얼마나 됐어요?,USER_INFO
지금 제 회선에 걸린 요금제가 5G인지 LTE인지 확인해 주세요.,USER_INFO
제 요금제가 통화 무제한인지 확인해 주세요.,USER_INFO
지금 요금제에서 한 단계 올리면 매달 얼마 더 내게 돼요?,USER_INFO
제 명의 회선들이 각각 무슨 요금제인지 알려 주세요.,USER_INFO
제 약정이 몇 개월 남았는지 알려 주세요.,USER_INFO
제가 선택약정 12개월로 했었는지 24개월로 했었는지 기억이 안 나요.,USER_INFO
제 청구서에 선택약정 할인이 매달 얼마씩 들어가고 있어요?,USER_INFO
약정 시작하고 지금까지 할인받은 금액이 총 얼마예요?,USER_INFO
제 약정 만료일 기준으로 재약정 신청 가능한 날짜가 며칠이에요?,USER_INFO
제 약정이 이미 끝났는데 할인도 끝난 건가요?,USER_INFO
지금 할부를 한 번에 갚으면 얼마를 내야 해요?,USER_INFO
지금까지 낸 할부 수수료가 얼마나 돼요?,USER_INFO
제 폰을 24개월 할부로 샀는지 36개월로 샀는지 알고 싶어요.,USER_INFO
이번 달에 할부금으로 얼마 나갔어요?,USER_INFO
제가 해지 신청한 게 처리됐나요?,USER_INFO
약정 중인데 요금제를 바꾸면 제 할인 금액이 어떻게 바뀌어요?,USER_INFO
폰을 잃어버렸는데 제 남은 할부금이 얼마예요?,USER_INFO
제 회선을 가족한테 넘기면 넘어가는 약정이랑 할부가 얼마나 돼요?,USER_INFO
제가 받는 할인 중에 곧 끝나는 게 있나요?,USER_INFO
영상 구독팩에서 제가 고른 OTT가 뭐였죠?,USER_INFO
제가 무료 체험 중인 서비스가 언제 유료로 바뀌어요?,USER_INFO
음악 구독팩은 언제 가입했는지 알려 주세요.,USER_INFO
가족 위치 알림에 누가 연결돼 있어요?,USER_INFO
아이 회선에 자녀 보호 서비스가 켜져 있나요?,USER_INFO
제가 쓰는 부가서비스 요금을 다 합치면 한 달에 얼마예요?,USER_INFO
예전에 해지한 부가서비스 목록도 볼 수 있어요?,USER_INFO
이번 달에 새로 가입된 부가서비스가 있나요?,USER_INFO
청구서에 모르는 서비스 이름이 있는데 제가 언제 가입한 건가요?,USER_INFO
제 위치가 가족 위치 알림으로 공유되고 있나요?,USER_INFO
이번 달에 포인트가 얼마나 쌓였어요?,USER_INFO
이번 달 요금에 포인트를 얼마나 썼어요?,USER_INFO
이번 달에 포인트로 요금을 더 낼 수 있는 한도가 남았나요?,USER_INFO
제 등급으로 올해 남은 제휴 할인 횟수가 몇 번이에요?,USER_INFO
VIP 영화 혜택이 올해 몇 번 남았어요?,USER_INFO
제 최근 6개월 평균 요금이 얼마라서 이 등급이 된 거예요?,USER_INFO
제가 내년에 VIP가 될 수 있을까요?,USER_INFO
이번 달 제 생일 쿠폰이 발급됐나요?,USER_INFO
최근에 멤버십 할인을 어디서 썼는지 보여 주세요.,USER_INFO
오늘 이미 멤버십을 한 번 썼는지 확인해 주세요.,USER_INFO
다른 제 회선으로 옮긴 포인트 내역을 보고 싶어요.,USER_INFO
제 명의 회선마다 포인트가 각각 얼마씩 있어요?,USER_INFO
제 가입일 기준으로 멤버십 등급이 정해지는 날짜를 알려 주세요.,USER_INFO
지금 해지하면 사라지는 제 포인트가 얼마예요?,USER_INFO
작년에 멤버십으로 할인받은 금액이 얼마나 돼요?,USER_INFO
제 포인트가 주로 어디서 쌓였는지 알려 주세요.,USER_INFO
제 멤버십 카드 번호를 알려 주세요.,USER_INFO
제 등급으로 받을 수 있는 혜택을 정리해 주세요.,USER_INFO
제 회선에 들어가는 결합 할인 금액이 청구서에 얼마로 나와요?,USER_INFO
우리 가족 결합의 대표 회선이 누구로 돼 있어요?,USER_INFO
우리 가족 결합에 회선을 몇 개 더 넣을 수 있어요?,USER_INFO
제 휴대폰이 집 인터넷이랑 결합돼 있나요?,USER_INFO
집 인터넷 약정이 언제 끝나요?,USER_INFO
우리 집 인터넷이 몇 기가짜리 상품이에요?,USER_INFO
제가 쓰는 IPTV가 베이직인지 프리미엄인지 알려 주세요.,USER_INFO
제가 신청한 인터넷 이전 설치 예약일이 며칠이에요?,USER_INFO
지난주에 신청한 가족 결합이 완료됐나요?,USER_INFO
제가 신청한 결합 할인이 몇 월 청구서부터 들어가요?,USER_INFO
제 결합을 이번 달에 풀면 할인이 몇 월분까지 들어가요?,USER_INFO
신규 인터넷 설치 기사님이 언제 오시는지 알려 주세요.,USER_INFO
우리 집 결합 할인 합계가 이번 달 청구서에 얼마로 찍혔어요?,USER_INFO
집 인터넷 요금이 이번 달 얼마 나왔어요?,USER_INFO
해외에서 지금까지 데이터를 몇 GB 썼어요?,USER_INFO
제 로밍 패스가 며칠 남았어요?,USER_INFO
제 로밍 패스가 벌써 사용 시작된 건가요?,USER_INFO
제가 가입한 로밍 패스가 유럽에서도 되는 거예요?,USER_INFO
이번 여행에서 로밍 요금이 지금까지 얼마 나왔어요?,USER_INFO
해외에서 받은 전화도 요금이 나갔는지 보고 싶어요.,USER_INFO
작년에 제가 썼던 로밍 패스가 뭐였는지 알 수 있어요?,USER_INFO
제 태블릿 회선에도 로밍 패스가 적용돼 있나요?,USER_INFO
같이 여행 가는 딸 회선에 로밍 패스가 가입돼 있는지 봐 주세요.,USER_INFO
제가 가입한 로밍 패스가 아직 사용 전이라 환불되는 상태인지 봐 주세요.,USER_INFO
이번에 가입한 로밍 패스 요금이 얼마로 청구돼요?,USER_INFO
제 번호를 처음 개통한 날이 언제예요?,USER_INFO
이 통신사를 쓴 지 몇 년 됐어요?,USER_INFO
온라인으로 주문한 폰이 지금 어디쯤 오고 있어요?,USER_INFO
앱에서 셀프 개통을 했는데 완료된 건지 모르겠어요.,USER_INFO
"번호이동 신청한 게 끝났는지, 예전 통신사는 해지됐는지 알려 주세요.",USER_INFO
제 명의로 회선을 몇 개 더 만들 수 있어요?,USER_INFO
가족한테 넘긴 회선 명의 변경이 끝났나요?,USER_INFO
신규 가입 신청한 게 어떻게 진행되고 있어요?,USER_INFO
제 주문이 지금 어느 단계라서 취소가 되는지 안 되는지 봐 주세요.,USER_INFO
혹시 제 번호가 정지된 상태는 아닌지 봐 주세요.,USER_INFO
분실 신고가 제대로 접수돼서 회선이 정지됐나요?,USER_INFO
폰을 찾아서 정지를 풀었는데 지금 정상으로 돌아왔어요?,USER_INFO
이 회선 명의자가 저로 되어 있는지 확인하고 싶어요.,USER_INFO
eSIM 발급 신청한 게 완료됐는지 알려 주세요.,USER_INFO
제 회선이 유심으로 쓰는 건지 eSIM으로 쓰는 건지 확인해 주세요.,USER_INFO
유심이 잠겼는데 제 PUK 코드를 알려 주세요.,USER_INFO
최근에 제 유심이 교체된 적이 있나요?,USER_INFO
제 eSIM이 어느 기기에 설치돼 있는지 알 수 있어요?,USER_INFO
앱 비밀번호를 여러 번 틀려서 잠겼는데 언제 풀려요?,USER_INFO
제가 마케팅 문자 수신에 동의해 놨나요?,USER_INFO
지난주에 요청한 개인정보 열람 결과가 나왔나요?,USER_INFO
회원 정보에 제 예전 주소가 그대로 남아 있는지 봐 주세요.,USER_INFO
제 계정에 가족 회선이 등록돼 있는지 봐 주세요.,USER_INFO
제가 요청한 주소 정정이 처리됐나요?,USER_INFO
이 폰을 언제 샀는지 알려 주세요.,USER_INFO
제 폰을 처음에 얼마에 샀는지 확인하고 싶어요.,USER_INFO
제 단말 기준으로 반납 보상 대상인지랑 할부 경과 기간을 알려 주세요.,USER_INFO
제 폰이 5G 되는 기종으로 등록돼 있나요?,USER_INFO
제 폰이 자급제로 등록돼 있는지 알려 주세요.,USER_INFO
제가 그동안 썼던 폰 기종 목록을 볼 수 있어요?,USER_INFO
중고폰 반납한 게 접수 처리됐나요?,USER_INFO
제가 예약한 매장 방문 날짜랑 시간을 알려 주세요.,USER_INFO
매장 예약을 취소했는데 제대로 취소됐나요?,USER_INFO
요청한 요금 환불이 제 계좌로 들어왔나요?,USER_INFO
남은 데이터가 몇 기가인지 지금 알려 주세요.,USER_INFO
오늘 기준으로 제 남은 데이터 양을 알려 줄래요?,USER_INFO
두 달 전에 제가 데이터를 얼마나 썼는지 알고 싶어요.,USER_INFO
작년 이맘때 제 데이터 사용량이 어땠는지 비교해 주세요.,USER_INFO
지난달에는 데이터 충전을 몇 번 했었나요?,USER_INFO
지난달 데이터 충전에 쓴 돈이 얼마예요?,USER_INFO
제 명의 두 번째 회선은 데이터가 얼마나 남았어요?,USER_INFO
워치 회선 데이터는 얼마나 남았나요?,USER_INFO
지난달에 핫스팟으로 쓴 데이터는 얼마였어요?,USER_INFO
쉐어링으로 연결한 태블릿이 쓸 수 있는 데이터가 얼마나 남았어요?,USER_INFO
이번 주에 데이터를 얼마나 썼는지 알려 주세요.,USER_INFO
지난주에 데이터 얼마나 썼어요?,USER_INFO
제 데이터가 이번 달 며칠에 다 떨어졌었는지 알 수 있어요?,USER_INFO
지난달에 통화를 몇 분이나 했어요?,USER_INFO
지난달 보낸 문자 건수를 알려 주세요.,USER_INFO
지난달 국제전화 요금이 얼마 나왔어요?,USER_INFO
지난달 통화 초과 요금이 나왔었나요?,USER_INFO
통화 몇 분 남았는지 확인해 주세요.,USER_INFO
이번 달 문자 몇 건 더 보낼 수 있어요?,USER_INFO
통화 연결음은 언제 신청했었는지 알려 주세요.,USER_INFO
통화 연결음 요금이 이번 달 얼마 나왔어요?,USER_INFO
넘버플러스는 언제부터 쓰고 있는 거예요?,USER_INFO
넘버플러스 요금이 매달 청구되고 있나요?,USER_INFO
착신 전환을 언제 걸어 뒀는지 알 수 있어요?,USER_INFO
스팸 차단은 언제 신청했었나요?,USER_INFO
이번 달 휴대폰 요금 지금 얼마예요?,USER_INFO
이번 달 청구될 금액 좀 알려 주세요.,USER_INFO
두 달 전 요금이 얼마였는지 확인해 주세요.,USER_INFO
작년 12월에 제 요금이 얼마 나왔었나요?,USER_INFO
지난달 소액결제로 쓴 금액이 얼마예요?,USER_INFO
지난달 소액결제가 어디서 나갔는지 보여 주세요.,USER_INFO
지난달 할부금이 얼마 빠져나갔어요?,USER_INFO
이번 달 할부금 얼마 나가요?,USER_INFO
지난달 요금에 부가세가 얼마 붙었어요?,USER_INFO
지난달에 연체 가산금이 붙었었나요?,USER_INFO
제 요금 밀린 거 있어요?,USER_INFO
지금 내야 할 미납 금액이 총 얼마예요?,USER_INFO
제 납부일이 며칠로 돼 있죠?,USER_INFO
요금 나가는 계좌가 어디로 돼 있어요?,USER_INFO
요금 자동납부 카드가 어떤 카드로 등록돼 있어요?,USER_INFO
이번 달 소액결제 합계 알려 주세요.,USER_INFO
제 태블릿 회선 요금은 이번 달 얼마예요?,USER_INFO
워치 회선 요금이 이번 달 얼마 나왔나요?,USER_INFO
제 명의 다른 번호 요금은 이번 달 얼마예요?,USER_INFO
등록해 둔 아버지 회선 이번 달 요금 좀 알려 주세요.,USER_INFO
아이 회선 이번 달 요금이 얼마 나왔어요?,USER_INFO
등록된 어머니 회선에 밀린 요금이 있는지 봐 주세요.,USER_INFO
아이 회선에 소액결제가 막혀 있는지 확인해 주세요.,USER_INFO
올해 상반기에 낸 휴대폰 요금이 다 합쳐서 얼마예요?,USER_INFO
제 휴대폰 요금이 한 달 평균 얼마 정도예요?,USER_INFO
지난달 요금에서 결합 할인이 얼마 들어갔어요?,USER_INFO
지난달 선택약정 할인으로 얼마 깎였어요?,USER_INFO
영상 구독팩 요금이 이번 달 청구서에 얼마로 나왔어요?,USER_INFO
음악 구독팩은 이번 달 얼마 나갔어요?,USER_INFO
가족 위치 알림 요금이 매달 나가고 있나요?,USER_INFO
제 청구서 수신 방법이 이메일로 바뀌어 있는지 봐 주세요.,USER_INFO
지금 제 요금제 이름 알려 주세요.,USER_INFO
제 요금제에 데이터랑 통화가 얼마씩 들어 있어요?,USER_INFO
태블릿 회선은 무슨 요금제로 돼 있어요?,USER_INFO
워치 회선 요금제가 뭔지 알려 주세요.,USER_INFO
제 다른 번호는 어떤 요금제를 쓰고 있어요?,USER_INFO
아이 회선 요금제가 청소년 요금제로 돼 있나요?,USER_INFO
등록된 아버지 회선이 시니어 요금제인지 확인해 주세요.,USER_INFO
바꾸기 전에 쓰던 요금제가 뭐였죠?,USER_INFO
이번 달에 요금제를 이미 한 번 바꿨었나요?,USER_INFO
약정 할인 받고 나면 제 요금제가 실제로 얼마예요?,USER_INFO
약정 끝나는 날짜 좀 알려 주세요.,USER_INFO
제 약정이 언제 시작됐었나요?,USER_INFO
태블릿 회선 약정은 언제 끝나요?,USER_INFO
제 다른 번호 약정 만료일도 알려 주세요.,USER_INFO
폰 할부 몇 번 더 내야 해요?,USER_INFO
할부 원금 남은 거 얼마예요?,USER_INFO
태블릿 할부금은 얼마나 남았어요?,USER_INFO
오늘 해지 신청하면 제가 물어야 할 할인반환금이 대략 얼마예요?,USER_INFO
다음 달에 해지하면 할인반환금이 줄어드나요?,USER_INFO
제가 지금 재약정할 수 있는 시기인가요?,USER_INFO
선택약정 할인이 언제까지 들어가요?,USER_INFO
제가 쓰고 있는 부가서비스 뭐뭐 있어요?,USER_INFO
돈 나가는 부가서비스만 골라서 알려 주세요.,USER_INFO
영상 구독팩은 언제 가입했어요?,USER_INFO
음악 구독팩 해지한 게 처리됐나요?,USER_INFO
가족 위치 알림은 언제 신청했었나요?,USER_INFO
데이터 안심 서비스는 언제 신청한 거예요?,USER_INFO
번호도용 방지 서비스는 언제 신청했었나요?,USER_INFO
아이 회선에 가입된 부가서비스를 보여 주세요.,USER_INFO
아이 폰 자녀 보호는 언제 신청됐어요?,USER_INFO
제 태블릿 회선에 가입된 부가서비스 목록을 알려 주세요.,USER_INFO
포인트 얼마나 쌓여 있는지 알려 주세요.,USER_INFO
지난달에는 포인트가 얼마나 쌓였어요?,USER_INFO
작년 한 해 동안 쌓인 포인트가 얼마예요?,USER_INFO
지난달 요금 낼 때 포인트를 얼마나 썼어요?,USER_INFO
이번 달 말에 사라지는 포인트가 있나요?,USER_INFO
제 멤버십 등급 좀 확인해 주세요.,USER_INFO
지난달에 멤버십 할인 받은 내역을 보여 주세요.,USER_INFO
올해 제휴 할인을 몇 번 썼는지 알려 주세요.,USER_INFO
제 다른 번호에 쌓인 포인트도 알려 주세요.,USER_INFO
올해 생일 쿠폰을 이미 썼나요?,USER_INFO
올해 영화 혜택을 언제 썼는지 보여 주세요.,USER_INFO
내년에도 지금 등급이 유지될까요?,USER_INFO
제 번호가 가족 결합에 들어가 있나요?,USER_INFO
결합 할인 이번 달에 얼마 받았어요?,USER_INFO
집 인터넷 지난달 요금이 얼마였어요?,USER_INFO
IPTV 요금이 이번 달 얼마 나왔어요?,USER_INFO
집 인터넷은 언제 설치했었나요?,USER_INFO
제 IPTV가 결합 할인에 묶여 있는지 확인해 주세요.,USER_INFO
우리 가족 결합에 지금 몇 회선 묶여 있어요?,USER_INFO
가족 결합은 언제 신청했었나요?,USER_INFO
지난번 여행 때 로밍 요금이 얼마 나왔었나요?,USER_INFO
지난달 해외에서 데이터를 몇 GB 썼었는지 알려 주세요.,USER_INFO
출국 전인데 제 회선에 로밍 패스가 걸려 있는지 조회해 주세요.,USER_INFO
제 로밍 패스가 언제 끝나요?,USER_INFO
제 폰에 데이터 로밍이 막혀 있는지 확인해 주세요.,USER_INFO
지난 출장 때 해외에서 보낸 문자 요금 내역을 보여 주세요.,USER_INFO
등록된 아이 회선에 로밍 차단이 걸려 있나요?,USER_INFO
로밍 패스 요금이 몇 월 청구서에 나와요?,USER_INFO
이 번호 개통한 날짜 알려 주세요.,USER_INFO
태블릿 회선은 언제 개통했어요?,USER_INFO
주문한 휴대폰 배송 어디까지 왔어요?,USER_INFO
번호이동 끝났는지 확인해 주세요.,USER_INFO
제 번호가 정지된 이유가 뭐예요?,USER_INFO
제 다른 번호가 정상적으로 쓰이는 상태인지 봐 주세요.,USER_INFO
eSIM 발급된 거 맞는지 확인해 주세요.,USER_INFO
"태블릿 회선은 유심으로 돼 있어요, eSIM으로 돼 있어요?",USER_INFO
지금 쓰는 유심 언제 바꾼 거예요?,USER_INFO
광고 문자 받는 걸로 동의돼 있나요?,USER_INFO
제 앱 계정이 지금 잠겨 있는 상태인가요?,USER_INFO
개인정보 열람 요청을 언제 넣었는지 알려 주세요.,USER_INFO
태블릿 회선에 등록된 기기가 뭐예요?,USER_INFO
폰 할부가 언제부터 시작됐어요?,USER_INFO
언제부터 중고폰 반납 보상을 받을 수 있어요?,USER_INFO
매장 예약해 둔 거 몇 시였죠?,USER_INFO
환불 신청한 거 어떻게 됐어요?,USER_INFO
제가 어느 매장으로 예약했었죠?,USER_INFO
